Order Number;Text Line 1;Text Line 2;Text Line 3;Text Line 4;Text Line 5
939 255 303;/start;;;;
152 651 431;/start;;;;
560 228 667;/start;;;;
285 634 411;/start;;;;
955 421 065;Иванов;Москва;1111;ул.Тверская;
517 558 221;ааваавва;;;;
264 001 889;Иванов;Москва;1111;ул.Тверская;
253 903 654;Иванов;Москва;1111;ул.Тверска;
753 134 933;Иванов;Москва;1111;ул.Тверска;
257 866 829;Иванов;Москва;1111;ул.Тверска;
480 298 386;Иванов;Москва;1111;ул.Тверска;
634 495 293;Иванов;Москва;1111;ул.Тверска;
955 440 748;Иванов;Москва;1111;ул.Тверска;
499 734 857;Иванов;Москва;1111;ул.Тверска;
367 820 426;Иванов;Москва;1111;ул.Тверска;
269 764 064;Иванов;Москва;1111;ул.Тверска;
996 216 172;Иванов;Москва;1111;ул.Тверска;
357 688 843;Иванов;Москва;1111;ул.Тверска;
748 771 237;Иванов;Москва;1111;ул.Тверска;
564 836 278;Иванов;Москва;1111;ул.Тверска;
728 248 416;Иванов;Москва;1111;ул.Тверска;
788 398 651;Иванов;Москва;1111;ул.Тверска;
822 279 820;Иванов;Москва;1111;ул.Тверска;
727 418 588;Иванов;Москва;1111;ул.Тверска;
139 302 747;Иванов;Москва;1111;ул.Тверска;
879 579 170;ванов;Москва;1111;ул.Тверска;
474 020 615;Иванов;Москва;1111;ул.Тверска;
887 111 152;Иванов;Москва;1111;ул.Тверска;
181 673 230;Иванов;Москва;1111;ул.Тверска;
700 001 562;Иванов;Москва;1111;ул.Тверска;
773 929 953;Иванов;Москва;1111;ул.Тверска;
493 157 336;Иванов;Москва;1111;ул.Тверска;
858 019 001;Иванов;Москва;1111;ул.Тверска;
635 210 131;Иванов;Москва;1111;ул.Тверска;
505 545 528;Иванов;Москва;1111;ул.Тверска;
907 623 848;Иванов;Москва;1111;ул.Тверска;
786 069 755;Иванов;Москва;1111;ул.Тверска;
729 947 107;Иванов;Москва;1111;ул.Тверска;
260 416 284;Иванов;Москва;1111;ул.Тверска;
422 989 035;Иванов;Москва;1111;ул.Тверска;
162 175 081;Иванов;Москва;1111;ул.Тверска;
857 317 771;Иванов;Москва;1111;ул.Тверска;
820 314 360;Иванов;Москва;1111;ул.Тверска;
994 293 270;Иванов;Москва;1111;ул.Тверска;
795 118 319;Иванов;Москва;1111;ул.Тверска;
332 791 068;Иванов;Москва;1111;ул.Тверска;
662 473 863;Иванов;Москва;1111;ул.Тверска;
469 399 199;Иванов;Москва;1111;ул.Тверска;
632 055 150;Иванов;Москва;1111;ул.Тверска;
583 127 025;Иванов;Москва;1111;ул.Тверска;
750 024 278;Иванов;Москва;1111;ул.Тверская;
666 467 783;Иванов;Москва;1111;ул.Тверская;
350 624 034;Иванов;Москва;1111;ул.Тверская;
131 440 308;Иванов;Москва;1111;ул.Тверская;
593 882 036;Иванов;Москва;1111;ул.Тверская;
782 596 481;Иванов;Москва;1111;ул.Тверская;
129 346 928;Иванов;Москва;1111;ул.Тверская;
461 031 056;Иванов;Москва;1111;ул.Тверская;
648 722 906;Иванов;Москва;1111;ул.Тверская;
427 487 004;Иванов;Москва;1111;ул.Тверская;
758 030 298;Иванов;Москва;1111;ул.Тверская;
287 781 014;Иванов;Москва;1111;ул.Тверская;
154 934 061;Иванов;Москва;1111;ул.Тверская;
406 501 389;Иванов;Москва;1111;ул.Тверская;
610 487 118;Иванов;Москва;1111;ул.Тверская;
581 223 321;Иванов;Москва;1111;ул.Тверская;
741 015 354;Иванов;Москва;1111;ул.Тверская;
375 215 105;Иванов;Москва;1111;ул.Тверская;
363 920 833;Иванов;Москва;1111;ул.Тверская;
818 943 933;Иванов;Москва;1111;ул.Тверская;
620 702 047;Иванов;Москва;1111;ул.Тверская;
252 187 924;Иванов;Москва;1111;ул.Тверская;
366 588 376;Иванов;Москва;1111;ул.Тверская;
787 603 527;Иванов;Москва;1111;ул.Тверская;
562 529 726;Иванов;Москва;1111;ул.Тверская;
948 252 529;ванов;Москва;1111;ул.Тверская;
446 088 012;Иванов;Москва;1111;ул.Тверская;
395 707 390;Иванов;Москва;1111;ул.Тверская;
122 947 732;Иванов;Москва;1111;ул.Тверская;
282 163 426;Иванов;Москва;1111;ул.Тверская;
415 086 932;Иванов;Москва;1111;ул.Тверская;
175 097 578;Иванов;Москва;1111;ул.Тверская;
962 277 497;Иванов;Москва;1111;ул.Тверская;
529 374 366;Иванов;Москва;1111;ул.Тверская;
911 828 428;Иванов;Москва;1111;ул.Тверская;
636 776 671;Иванов;Москва;1111;ул.Тверская;
640 430 948;Иванов;Москва;1111;ул.Тверская;
633 612 567;Иванов;Москва;1111;ул.Тверская;
651 643 769;Иванов;Москва;1111;ул.Тверская;
555 885 051;Иванов;Москва;1111;ул.Тверская;
121 225 791;Иванов;Москва;1111;ул.Тверская;
848 074 691;Иванов;Москва;1111;ул.Тверская;
795 140 057;Иванов;Москва;1111;ул.Тверская;
894 313 050;Иванов;Москва;1111;ул.Тверская;
115 110 274;Иванов;Москва;1111;ул.Тверская;
581 369 424;Иванов;Москва;1111;ул.Тверская;
432 452 370;Иванов;Москва;1111;ул.Тверская;
742 886 284;Иванов;Москва;1111;ул.Тверская;
908 822 586;Иванов;Москва;1111;ул.Тверская;
271 839 133;Иванов;Москва;1111;ул.Тверская;
462 764 494;Иванов;Москва;1111;ул.Тверская;
455 563 414;Иванов;Москва;1111;ул.Тверская;
933 555 868;Иванов;Москва;1111;ул.Тверская;
831 703 363;Иванов;Москва;1111;ул.Тверская;
832 415 880;Иванов;Москва;1111;ул.Тверская;
602 570 842;Иванов;Москва;1111;ул.Тверская;
465 786 966;Иванов;Москва;1111;ул.Тверская;
492 203 326;Иванов;Москва;1111;ул.Тверская;
471 139 881;Иванов;Москва;1111;;ул.Тверская
305 653 387;/start;;;;
937 491 991;Иванов;Москва;1111;;ул.Тверская
944 576 515;Иванов;Москва;1111;;ул.Тверская
742 019 776;Иванов;Москва;1111;ул.Тверская;89532837138
558 057 519;Иванов;Москва;1111;ул.Тверская;89532837138
421 122 594;Иванов;Москва;1111;ул.Тверская;89532837138
572 494 755;Иванов;Москва;1111;ул.Тверская;89532837138
